quesetion,label,label_id
find the all list of input in html? intput list in html,all_input,1
input list in html,all_input,1
get all input list in html,all_input,1
input list all input inputs,all_input,1
list of input in html,all_input,1
check input,check_input,2
write check input in html,check_input,2
check input in html,check_input,2
input check,check_input,2
how to write a checkbox in html,check_input,2
checkbox,check_input,2
checkbox input,check_input,2
"input checkbox. input checkbox, checkbox",check_input,2
"write checbox , write checkbox input in html",check_input,2
wirte checbox input in html,check_input,2
script tag,script_tag,3
wrtite script tag in html,script_tag,3
write  script tag,script_tag,3
js script tag in html,script_tag,3
html script tag,script_tag,3
script tag,script_tag,3
tag script,script_tag,3
html button,button,4
button,button,4
button tag,button,4
button with class,button,4
button in html,button,4