quesetion,lang,label
find the all list of input in html? intput list in html,1,Html
input list in html,1,Html
html,1,Html
write file input tag in html,1,Html
<form> tag in hitm,1,Html
form example in html,1,Html
image tag. img tag in html,1,Html
li in html,1,Html
image src tag html ,1,Html
bootstrap,2,Bootstrap
model popup in bootstrap,2,Bootstrap
badge in bootstrap,2,Bootstrap
removeClass remove class add class in js,3,Js
removeClass in js,3,Js
add class in js,3,Js
change border color in js,3,Js
location reload in js,3,Js
border in css,4,Css
change border color in css,4,Css
transparent color in css,4,Css
font family in css,4,Css
change image using js,3,Js
redirect another page using js,3,Js
create card in bootstrap4,2,Bootstrap
bootstrap4 color,2,Bootstrap
alert js,3,Js
write alert in js,3,Js
hello world is js,3,Js
document.ready() write in jquery,3,Js
jquery,3,Js
write submit button tag with bootstrap4,2,Bootstrap
js alert,3,Js
reload location in js,3,Js
form example in bootstrap4,2,Bootstrap
buttons in bootstrap,2,Bootstrap
tags of html,1,Html
html tags,1,Html
resize textarea scroll disabled in css,4,Css
write comment in html,1,Html
write comment in js ,3,Js
write comment in css,4,Css
comment in js,3,Js
comment in css,4,Css
comment html,1,Html
bootstrap color code,2,Bootstrap